{"cameraMode":{"drawMode":0,"name":"Shaded","section":"Shading Mode"},"sceneLighting":true,"audioPlay":false,"sceneViewState":{"showFog":true,"showMaterialUpdate":false,"showSkybox":true,"showFlares":true,"showImageEffects":true,"showParticleSystems":true},"in2DMode":false,"pivot":{"x":248.57107543945313,"y":39.976287841796878,"z":345.2695617675781},"rotation":{"x":-0.14558705687522889,"y":0.5653221607208252,"z":-0.10216730087995529,"w":-0.8054670691490173},"size":485.49029541015627,"orthographic":false}